PDB ID,Res Name,Chain,Res ID,pKa,Expt. Uncertainty,Neighbors <4A,# HB R-R,#HB R(D)-BB,# HB  R-BB(D),#HB R(A)-BB,# HB R-BB(A),#HB BB-BB,%SASA,Expt. Method,Expt. Salt Concentration,Expt. pH,Expt. Temp.,Reference,Mutant Pos,Mutant Chain,Std deviation,Unnamed: 8,Expt. method,Expt. salt conc,Expt. temp
1L54,LYS,A,102,6.5,,,,,,,,,,,,2.2-9.0,,https://pubs.acs.org/doi/abs/10.1021/bi00113a006,K102K,A,,,NMR,0.1 M,298 K
1XSN,LYS,A,312,9.58,,"R308, E311",,,,,,1.0,15.3,NMR,100 mM,7.0-10.5,298 K,https://pubs.acs.org/doi/abs/10.1021/bi051856p,,,,,,,
1LSE,LYS,A,97,10.3,0.1,K96,,,,,,,81.7,Potentiometric titration,0.1 M,1.8-11.1,298 K,https://www.ncbi.nlm.nih.gov/pubmed/6771251,,,,,,,
1NFN,LYS,A,1,10.5,0.1,,,,,,,,80.7,NMR,150 mM,5.5-12.5,310 K,https://www.ncbi.nlm.nih.gov/pubmed/12588864,,,,,,,
2ZTA,LYS,A,28,10.64,0.12,"R35, K27",,,,,,,96.8,NMR,150 mM,1.0-13.0,298 K,https://www.ncbi.nlm.nih.gov/pmc/articles/PMC2105789/,,,,,,,
1BHC,LYS,J,41,10.8,0.1,"R39, R42",,,,,,,52.9,NMR,200 mM,0-16,293 K,https://www.sciencedirect.com/science/article/pii/S0022283684713015?via%3Dihub,,,,,,,
1PPF,LYS,I,55,11.1,0.06,,,,,,,,79.1,NMR,0.015 M,5.0-13.0,298 K,https://pubs.acs.org/doi/pdf/10.1021/bi980187v,,,,,,,
3FT7,LYS,B,56,11.44,0.1,,,,,,,,,NMR,<60mM,0-12.5,298 K,https://chemistry-europe.onlinelibrary.wiley.com/doi/full/10.1002/cbic.201800628,,,,,,,
1NFN,LYS,A,146,9.2,0.1,"R142, K143, R145, R147",,,,,,1.0,85.0,NMR,150 mM,5.5-12.5,310 K,https://www.ncbi.nlm.nih.gov/pubmed/12588864,,,,,,,
1NFN,LYS,A,95,10.1,0.1,"R92, E96",,,,,,,102.8,NMR,150 mM,5.5-12.5,310 K,https://www.ncbi.nlm.nih.gov/pubmed/12588864,,,,,,,
1LSE,LYS,A,116,10.4,0.1,R114,,,,,,1.0,79.6,Potentiometric titration,0.1 M,1.8-11.1,298 K,https://www.ncbi.nlm.nih.gov/pubmed/6771251,,,,,,,
1BHC,LYS,J,26,10.6,0.1,,,,,,,,129.8,NMR,200 mM,0-16,293 K,https://www.sciencedirect.com/science/article/pii/S0022283684713015?via%3Dihub,,,,,,,
3FT7,LYS,B,6,10.78,0.13,,,,,,,,,NMR,<60mM,0-12.5,298 K,https://chemistry-europe.onlinelibrary.wiley.com/doi/full/10.1002/cbic.201800628,,,,,,,
2BCA,LYS,A,16,11.06,0.03,E17,,,,,,1.0,95.3,NMR,,5.25-12.25,300 K,https://www.ncbi.nlm.nih.gov/pubmed/8683586,,,,,,,
2ZTA,LYS,A,8,11.26,0.05,"Q4, E6, D7",,,,,,1.0,48.7,NMR,150 mM,1.0-13.0,298 K,https://www.ncbi.nlm.nih.gov/pmc/articles/PMC2105789/,,,,,,,
2BCA,LYS,A,55,12.12,0.13,"E51, D54, E65",,,,,1.0,2.0,116.0,NMR,,5.25-12.25,300 K,https://www.ncbi.nlm.nih.gov/pubmed/8683586,,,,,,,
1NFN,LYS,A,143,9.5,0.1,"H140, R142",,,,,,,86.7,NMR,150 mM,5.5-12.5,310 K,https://www.ncbi.nlm.nih.gov/pubmed/12588864,,,,,,,
1PPF,LYS,I,34,10.13,0.05,,,1.0,,,,1.0,45.5,NMR,0.015 M,5.0-13.0,298 K,https://pubs.acs.org/doi/pdf/10.1021/bi980187v,,,,,,,
1LSE,LYS,A,13,10.5,0.1,"R14, H15",,,,,,2.0,65.3,Potentiometric titration,0.1 M,1.8-11.1,298 K,https://www.ncbi.nlm.nih.gov/pubmed/6771251,,,,,,,
2ZTA,LYS,A,15,10.62,0.06,E11,,,,,,1.0,54.5,NMR,150 mM,1.0-13.0,298 K,https://www.ncbi.nlm.nih.gov/pmc/articles/PMC2105789/,,,,,,,
1LSE,LYS,A,1,10.8,0.1,,2.0,,1.0,,,1.0,59.3,Potentiometric titration,0.1 M,1.8-11.1,298 K,https://www.ncbi.nlm.nih.gov/pubmed/6771251,,,,,,,
2ZTA,LYS,A,27,11.1,0.02,"R25, K28",,,,,,1.0,71.5,NMR,150 mM,1.0-13.0,298 K,https://www.ncbi.nlm.nih.gov/pmc/articles/PMC2105789/,,,,,,,
2BCA,LYS,A,7,11.36,0.03,"E4, E5 ",,,,,1.0,1.0,75.4,NMR,,5.25-12.25,300 K,https://www.ncbi.nlm.nih.gov/pubmed/8683586,,,,,,,
1BEG,LYS,A,94,9.4,,,,,,,,2.0,69.4,NMR,,1.5-11.2,313 K,https://www.ncbi.nlm.nih.gov/pubmed/9862128,,,,,,,
1BEG,LYS,A,61,10.1,,K62,,,,,,2.0,77.5,NMR,,1.5-11.2,313 K,https://www.ncbi.nlm.nih.gov/pubmed/9862128,,,,,,,
3FT7,LYS,B,32,10.43,0.06,"K30, E31",,,,,,2.0,73.03,NMR,<60mM,0-12.5,298 K,https://chemistry-europe.onlinelibrary.wiley.com/doi/full/10.1002/cbic.201800628,,,,,,,
1LSE,LYS,A,33,10.6,0.1,E35,,,,,,2.0,51.6,Potentiometric titration,0.1 M,1.8-11.1,298 K,https://www.ncbi.nlm.nih.gov/pubmed/6771251,,,,,,,
1LSE,LYS,A,96,10.8,0.1,K97,,1.0,,,1.0,1.0,34.1,Potentiometric titration,0.1 M,1.8-11.1,298 K,https://www.ncbi.nlm.nih.gov/pubmed/6771251,,,,,,,
1NFN,LYS,A,157,11.1,0.1,"D153, D154, Q156, R158",,,,,,1.0,76.7,NMR,150 mM,5.5-12.5,310 K,https://www.ncbi.nlm.nih.gov/pubmed/12588864,,,,,,,
2BCA,LYS,A,72,11.33,0.08,"K71, Q75",,,,,,,69.4,NMR,,5.25-12.25,300 K,https://www.ncbi.nlm.nih.gov/pubmed/8683586,,,,,,,
